{"cameraMode":{"drawMode":0,"name":"Shaded","section":"Shading Mode"},"sceneLighting":true,"audioPlay":false,"sceneViewState":{"m_AlwaysRefresh":false,"showFog":true,"showSkybox":true,"showFlares":true,"showImageEffects":true,"showParticleSystems":true,"showVisualEffectGraphs":true,"m_FxEnabled":true},"in2DMode":false,"pivot":{"x":-812.6466674804688,"y":233.41220092773438,"z":-315.96490478515627},"rotation":{"x":-0.14965756237506867,"y":0.31213152408599856,"z":-0.04984601214528084,"w":-0.9368817210197449},"size":438.7107238769531,"orthographic":false}